id	category
I25.1	I00-I99
I20	I00-I99
I21	I00-I99
K70.3	K00-K95
K76.6	K00-K95
I46	I00-I99
A17	A00-B99
G03	G00-G99
I10	I00-I99
N18.9	N00-N99
A15	A00-B99
B44	A00-B99
G96.0	G00-G99
D13.7	C00-D49
E16.1	E00-E89
H66.9	H60-H95
H70.9	H60-H95
E28.3	E00-E89
N91.1	N00-N99
B57	A00-B99
I42.0	I00-I99
H35.1	H00-H59
H54	H00-H59
I78.0	I00-I99
I77.0	I00-I99
I51.9	I00-I99
E71	E00-E89
N08	N00-N99
K00.1	K00-K95
K09.0	K00-K95
I86.1	I00-I99
N46	N00-N99
J12.9	J00-J99
J96.0	J00-J99
C90.0	C00-D49
N17.9	N00-N99
J15.9	J00-J99
C18.0	C00-D49
K56.1	K00-K95
I51.7	I00-I99
J94.8	J00-J99
E74	E00-E89
I51.4	I00-I99
F10.1	F01-F99
E44	E00-E89
Q87.4	Q00-Q99
I72	I00-I99
I15.0	I00-I99
I47.2	I00-I99
E06.1	E00-E89
E05.9	E00-E89
E41	E00-E89
K73.9	K00-K95
K81	K00-K95
I63	I00-I99
I67.9	I00-I99
N19	N00-N99
N17.0	N00-N99
E87.2	E00-E89
I50.9	I00-I99
K85	K00-K95
D73.5	C00-D49
H02.1	H00-H59
H04.2	H00-H59
I70	I00-I99
I22	I00-I99
G00	G00-G99
G91	G00-G99
G20	G00-G99
G24	G00-G99
J18.0	J00-J99
E11	E00-E89
K22.0	K00-K95
J69.0	J00-J99
N23	N00-N99
N13.9	N00-N99
E46	E00-E89
M34	M00-M99
I73.0	I00-I99
K76.9	K00-K95
G93.9	G00-G99
J45	J00-J99
K26	K00-K95
K31.1	K00-K95
N03	N00-N99
E87.7	E00-E89
H34.1	H00-H59
D65	C00-D49
D69.6	C00-D49
D64.9	C00-D49
N40	N00-N99
N32.0	N00-N99
C22.0	C00-D49
E16.2	E00-E89
I33.0	I00-I99
I73.9	I00-I99
K76.7	K00-K95
G62.9	G00-G99
G12.2	G00-G99
H26	H00-H59
H40	H00-H59
A16	A00-B99
J98.4	J00-J99
Q23.1	Q00-Q99
Q25.1	Q00-Q99
H18.6	H00-H59
H52.1	H00-H59
K90.0	K00-K95
D73.0	C00-D49
E10	E00-E89
I12	I00-I99
N12	N00-N99
I50.1	I00-I99
M32.9	M00-M99
I15	I00-I99
I71.9	I00-I99
I42	I00-I99
I47.1	I00-I99
N28.9	N00-N99
E87.5	E00-E89
J84.9	J00-J99
I26	I00-I99
E03.9	E00-E89
E78.5	E00-E89
I11	I00-I99
M32	M00-M99
E78	E00-E89
C61	C00-D49
H50.8	H00-H59
H53.2	H00-H59
I31.3	I00-I99
A48.1	A00-B99
J17	J00-J99
E55	E00-E89
E21.3	E00-E89
D45	C00-D49
J81	J00-J99
N20.0	N00-N99
E13	E00-E89
D86	C00-D49
I05.1	I00-I99
J94.2	J00-J99
N20	N00-N99
K29.7	K00-K95
K92.0	K00-K95
E85	E00-E89
G35	G00-G99
I25.3	I00-I99
I82.0	I00-I99
E06.0	E00-E89
M34.0	M00-M99
E20	E00-E89
I81	I00-I99
I25.5	I00-I99
B34.9	A00-B99
I42.6	I00-I99
E66.9	E00-E89
E53.8	E00-E89
I95.1	I00-I99
E23.0	E00-E89
K21.9	K00-K95
K22.7	K00-K95
N10	N00-N99
H20.9	H00-H59
I25.2	I00-I99
C18.9	C00-D49
K52.9	K00-K95
D50	C00-D49
E05.0	E00-E89
J44.9	J00-J99
E06.3	E00-E89
N03.2	N00-N99
N04	N00-N99
D59.3	C00-D49
N11	N00-N99
E74.0	E00-E89
H49.0	H00-H59
H50.1	H00-H59
D58.2	C00-D49
J47	J00-J99
I44.3	I00-I99
I45.2	I00-I99
D69.3	C00-D49
E86	E00-E89
E85.3	E00-E89
B80	A00-B99
N80	N00-N99
I72.9	I00-I99
E87	E00-E89
N16	N00-N99
M31.3	M00-M99
N01	N00-N99
N21	N00-N99
M31.1	M00-M99
B27	A00-B99
N13.7	N00-N99
E83	E00-E89
K86.3	K00-K95
G51.0	G00-G99
K70	K00-K95
Q21.3	Q00-Q99
Q24.9	Q00-Q99
E88	E00-E89
C50	C00-D49
N83.2	N00-N99
E26	E00-E89
E87.6	E00-E89
K72.1	K00-K95
B59	A00-B99
B20	A00-B99
D56.1	C00-D49
D57	C00-D49
G90.4	G00-G99
D58	C00-D49
I06.1	I00-I99
K50	K00-K95
H53.4	H00-H59
J16	J00-J99
C72.9	C00-D49
J32.3	J00-J99
I40	I00-I99
J14	J00-J99
J93.1	J00-J99
E75	E00-E89
G80	G00-G99
G91.1	G00-G99
Q79.6	Q00-Q99
G93.2	G00-G99
D73.1	C00-D49
B50	A00-B99
J80	J00-J99
N83.6	N00-N99
D51.0	C00-D49
D53.1	C00-D49
E88.3	E00-E89
K37	K00-K95
K56.0	K00-K95
K55.9	K00-K95
Q76.5	Q00-Q99
I87.1	I00-I99
I45.6	I00-I99
D69.1	C00-D49
A18.1	A00-B99
M30.3	M00-M99
M33	M00-M99
H43.0	H00-H59
C93.1	C00-D49
G54.5	G00-G99
J13	J00-J99
K51	K00-K95
M24.6	M00-M99
I33.9	I00-I99
H49	H00-H59
I77.6	I00-I99
O14	O00-O9A
I71	I00-I99
K92.1	K00-K95
J86	J00-J99
N73.9	N00-N99
N70	N00-N99
L93	L00-L99
G93.6	G00-G99
I65.0	I00-I99
I31.1	I00-I99
T78.2	S00-T88
I77.1	I00-I99
M75.0	M00-M99
C34.3	C00-D49
C85.9	C00-D49
N17	N00-N99
C81	C00-D49
D72.1	C00-D49
J18	J00-J99
H66.3	H60-H95
H90.5	H60-H95
H51.2	H00-H59
C25.2	C00-D49
K83.0	K00-K95
N11.1	N00-N99
E24	E00-E89
M10	M00-M99
G56.0	G00-G99
K85.9	K00-K95
H26.1	H00-H59
G21	G00-G99
K83.1	K00-K95
K74.5	K00-K95
H49.1	H00-H59
H50.2	H00-H59
E51	E00-E89
K29.6	K00-K95
C16.6	C00-D49
G71.0	G00-G99
E27.1	E00-E89
H27.0	H00-H59
H16.0	H00-H59
G93.0	G00-G99
H20.1	H00-H59
C71	C00-D49
H02.4	H00-H59
N18	N00-N99
I87.2	I00-I99
C55	C00-D49
L23	L00-L99
L40	L00-L99
E80	E00-E89
N32.9	N00-N99
D25	C00-D49
C53	C00-D49
N28.0	N00-N99
J43	J00-J99
J12	J00-J99
A80	A00-B99
M41	M00-M99
J86.9	J00-J99
R41.3	R00-R99
J10	J00-J99
I05.0	I00-I99
G47.0	G00-G99
R80	R00-R99
Q61.4	Q00-Q99
H21.0	H00-H59
J86.0	J00-J99
J11.1	J00-J99
I80.0	I00-I99
I21.4	I00-I99
M30.0	M00-M99
N20.1	N00-N99
B02	A00-B99
I07.1	I00-I99
I47	I00-I99
J15	J00-J99
R73.9	R00-R99
A18	A00-B99
D18.0	C00-D49
I45.9	I00-I99
A19	A00-B99
J43.8	J00-J99
O20.0	O00-O9A
C67	C00-D49
M19.90	M00-M99
B00.9	A00-B99
E28	E00-E89
J43.9	J00-J99
D03	C00-D49
C44	C00-D49
M45	M00-M99
J85.2	J00-J99
D75.1	C00-D49
H92.1	H60-H95
D04	C00-D49
H57.1	H00-H59
G24.5	G00-G99
D05	C00-D49
D47.2	C00-D49
K44	K00-K95
I20.0	I00-I99
F50	F01-F99
Q18.5	Q00-Q99
M35.0	M00-M99
K11.2	K00-K95
E73	E00-E89
D07	C00-D49
G25.5	G00-G99
G10	G00-G99
I20.1	I00-I99
M41.9	M00-M99
M31.0	M00-M99
G43	G00-G99
E66	E00-E89
O24.4	O00-O9A
C15.5	C00-D49
J11	J00-J99
N21.0	N00-N99
N32.1	N00-N99
H40.2	H00-H59
G45.3	G00-G99
K59.0	K00-K95
D09	C00-D49
F50.0	F01-F99
E43	E00-E89
C75.0	C00-D49
H47.1	H00-H59
Q23.3	Q00-Q99
I86.4	I00-I99
H30.9	H00-H59
E55.0	E00-E89
M21.06	M00-M99
L51	L00-L99
H83.1	H60-H95
K92.9	K00-K95
D56	C00-D49
J15.7	J00-J99
D59	C00-D49
M41.4	M00-M99
F20	F01-F99
F43.1	F01-F99
K74.0	K00-K95
M79.3	M00-M99
K29.4	K00-K95
E16.4	E00-E89
H15.0	H00-H59
L89	L00-L99
Q44.4	Q00-Q99
D69.2	C00-D49
N80.1	N00-N99
C56	C00-D49
H52.7	H00-H59
D69.0	C00-D49
G45.0	G00-G99
I40.1	I00-I99
M33.2	M00-M99
C72.0	C00-D49
G36.0	G00-G99
G82.2	G00-G99
C92.0	C00-D49
M67.4	M00-M99
G57.5	G00-G99
E12	E00-E89
C84.0	C00-D49
M00	M00-M99
A48.3	A00-B99
Q13.0	Q00-Q99
H33.2	H00-H59
H93.1	H60-H95
E72	E00-E89
C18	C00-D49
D73.3	C00-D49
E79	E00-E89
N80.0	N00-N99
C54.1	C00-D49
M06.9	M00-M99
E87.3	E00-E89
G12.9	G00-G99
G82.5	G00-G99
B65	A00-B99
B55.0	A00-B99
Q43.0	Q00-Q99
K45	K00-K95
D89.1	C00-D49
C22.9	C00-D49
C18.4	C00-D49
E23.2	E00-E89
I65.1	I00-I99
B58	A00-B99
R82.1	R00-R99
D01	C00-D49
Q15.0	Q00-Q99
K31.5	K00-K95
G00.2	G00-G99
G25.2	G00-G99
K83.3	K00-K95
J00	J00-J99
G54.0	G00-G99
I67.4	I00-I99
M35.2	M00-M99
M31.4	M00-M99
C76.1	C00-D49
H35.5	H00-H59
G25.3	G00-G99
K13.0	K00-K95
F41.9	F01-F99
H43.1	H00-H59
G30	G00-G99
H02.2	H00-H59
H71	H60-H95
I51.5	I00-I99
Q05	Q00-Q99
D61.9	C00-D49
Q12.0	Q00-Q99
D75.9	C00-D49
N94.5	N00-N99
G50.0	G00-G99
H44.2	H00-H59
C75.9	C00-D49
N13.6	N00-N99
E26.1	E00-E89
H52.2	H00-H59
H40.1	H00-H59
D47.1	C00-D49
L43	L00-L99
K05.1	K00-K95
O00.1	O00-O9A
D24	C00-D49
M14.6	M00-M99
M94.1	M00-M99
Q32.0	Q00-Q99
H33.0	H00-H59
C91.4	C00-D49
D70	C00-D49
H35.6	H00-H59
H46	H00-H59
H25	H00-H59
H49.2	H00-H59
H50.0	H00-H59
Q61.3	Q00-Q99
K46	K00-K95
K43	K00-K95
J43.2	J00-J99
K90	K00-K95
K56.2	K00-K95
I89.8	I00-I99
T79.6	S00-T88
G57.3	G00-G99
M21.37	M00-M99
H35.9	H00-H59
Q54	Q00-Q99
N36.0	N00-N99
E04.9	E00-E89
J32	J00-J99
A69.2	A00-B99
H35.2	H00-H59
H21.1	H00-H59
H81.0	H60-H95
E88.9	E00-E89
M81.0	M00-M99
K29.8	K00-K95
M24.7	M00-M99
H16	H00-H59
H44	H00-H59
J42	J00-J99
C96.6	C00-D49
H60	H60-H95
H18.9	H00-H59
E70	E00-E89
M54.3	M00-M99
M47	M00-M99
M54.1	M00-M99
H18.1	H00-H59
C18.7	C00-D49
E21.0	E00-E89
I49.5	I00-I99
E22.1	E00-E89
B01.9	A00-B99
K42	K00-K95
C49	C00-D49
N81.6	N00-N99
D84.1	C00-D49
T78.3	S00-T88
H47.2	H00-H59
E28.2	E00-E89
L68.0	L00-L99
I27.0	I00-I99
E22.2	E00-E89
T79.5	S00-T88
G72.9	G00-G99
Q21.0	Q00-Q99
E84	E00-E89
R73	R00-R99
J35.2	J00-J99
E76	E00-E89
G95.9	G00-G99
D47.3	C00-D49
G60.0	G00-G99
M43.1	M00-M99
M54.5	M00-M99
G31.9	G00-G99
A02.0	A00-B99
E06	E00-E89
M77.4	M00-M99
K20	K00-K95
M89.9	M00-M99
F33.9	F01-F99
F32	F01-F99
F31	F01-F99
B45	A00-B99
B49	A00-B99
L50	L00-L99
N62	N00-N99
D56.3	C00-D49
L41	L00-L99
H26.2	H00-H59
G47	G00-G99
G45.9	G00-G99
L30.9	L00-L99
D68.0	C00-D49
G47.3	G00-G99
K82.3	K00-K95
K56.3	K00-K95
I42.5	I00-I99
C88.0	C00-D49
C24.9	C00-D49
B35.1	A00-B99
L60.3	L00-L99
C22.1	C00-D49
E51.2	E00-E89
D56.0	C00-D49
D66	C00-D49
M25.0	M00-M99
B05	A00-B99
N85.0	N00-N99
K50.1	K00-K95
L88	L00-L99
L60.1	L00-L99
C92.4	C00-D49
B08.1	A00-B99
B30	A00-B99
E45	E00-E89
C74.0	C00-D49
A70	A00-B99
K27	K00-K95
M05.0	M00-M99
G96.9	G00-G99
L51.1	L00-L99
M60	M00-M99
D83	C00-D49
N30.1	N00-N99
J67.9	J00-J99
B01.0	A00-B99
D52.0	C00-D49
L03.0	L00-L99
I25.6	I00-I99
J09	J00-J99
T79.0	S00-T88
E16.9	E00-E89
Q78.2	Q00-Q99
E78.3	E00-E89
S12.1	S00-T88
O41.0	O00-O9A
C92.3	C00-D49
L44.0	L00-L99
I65.9	I00-I99
Q13.1	Q00-Q99
N85.7	N00-N99
R73.0	R00-R99
K22.9	K00-K95
H31.4	H00-H59
J61	J00-J99
C83.1	C00-D49
M60.0	M00-M99
K25	K00-K95
N91.2	N00-N99
B78	A00-B99
D69.9	C00-D49
F01	F01-F99
Q76.6	Q00-Q99
K40	K00-K95
M30.1	M00-M99
E30.0	E00-E89
B54	A00-B99
B37.9	A00-B99
N76.0	N00-N99
M87.9	M00-M99
H16.4	H00-H59
H16.2	H00-H59
G00.1	G00-G99
F12	F01-F99
Q53.9	Q00-Q99
M21.2	M00-M99
C92	C00-D49
H81.9	H60-H95
M21.4	M00-M99
K31.6	K00-K95
K81.0	K00-K95
B55	A00-B99
G58.7	G00-G99
M05.3	M00-M99
D32.9	C00-D49
I67.5	I00-I99
F14.1	F01-F99
E27.2	E00-E89
I70.91	I00-I99
A28.0	A00-B99
K05.3	K00-K95
C38.0	C00-D49
L04	L00-L99
M48.1	M00-M99
K22.2	K00-K95
B76	A00-B99
N32.3	N00-N99
I89.0	I00-I99
E66.2	E00-E89
E21.2	E00-E89
C45.0	C00-D49
G46.3	G00-G99
H80	H60-H95
I67.2	I00-I99
G82	G00-G99
L20	L00-L99
B00.0	A00-B99
M79.7	M00-M99
C83.0	C00-D49
N41.1	N00-N99
M35	M00-M99
J02	J00-J99
H92.0	H60-H95
G24.3	G00-G99
C83.3	C00-D49
J30.1	J00-J99
N95.0	N00-N99
K63.9	K00-K95
L65.9	L00-L99
J64	J00-J99
I20.9	I00-I99
N25.0	N00-N99
A04.7	A00-B99
E54	E00-E89
D58.0	C00-D49
H26.4	H00-H59
J98.1	J00-J99
M31.7	M00-M99
E24.3	E00-E89
Q03.0	Q00-Q99
K91.1	K00-K95
K83.9	K00-K95
D06	C00-D49
K86.8	K00-K95
H83.0	H60-H95
K74.4	K00-K95
E78.2	E00-E89
L71	L00-L99
E88.1	E00-E89
H65.3	H60-H95
I49.8	I00-I99
J12.1	J00-J99
G80.3	G00-G99
F40.0	F01-F99
L57.0	L00-L99
L85.8	L00-L99
I87.8	I00-I99
O40	O00-O9A
B37	A00-B99
K76.0	K00-K95
I45.5	I00-I99
Q61.5	Q00-Q99
Q11.2	Q00-Q99
H10	H00-H59
K58	K00-K95
K59.9	K00-K95
G90.1	G00-G99
N30	N00-N99
H53	H00-H59
G83.4	G00-G99
D55.0	C00-D49
E83.1	E00-E89
Q61	Q00-Q99
M48.8	M00-M99
E13.8	E00-E89
K05.6	K00-K95
K22.4	K00-K95
E87.1	E00-E89
D00	C00-D49
G95.0	G00-G99
D02	C00-D49
K21	K00-K95
J30.0	J00-J99
L80	L00-L99
K14.6	K00-K95
Q25.0	Q00-Q99
Q21.1	Q00-Q99
G61.0	G00-G99
F44	F01-F99
G58.9	G00-G99
K12.0	K00-K95
S12.0	S00-T88
C90.3	C00-D49
F81.9	F01-F99
F41.1	F01-F99
E77	E00-E89
N17.1	N00-N99
R82.3	R00-R99
E88.2	E00-E89
I80	I00-I99
N48.3	N00-N99
D51	C00-D49
K14.0	K00-K95
T75.4	S00-T88
Q78.0	Q00-Q99
E53.0	E00-E89
A32	A00-B99
G47.8	G00-G99
K11.5	K00-K95
A54	A00-B99
A27.0	A00-B99
G03.0	G00-G99
C58	C00-D49
B45.1	A00-B99
B39	A00-B99
B26	A00-B99
E20.0	E00-E89
E50	E00-E89
C25.4	C00-D49
B67	A00-B99
I00	I00-I99
I01	I00-I99
I02	I00-I99
F52.9	F01-F99
G72.3	G00-G99
R48.8	R00-R99
D76.1	C00-D49
B83.9	A00-B99
E67.0	E00-E89
D55	C00-D49
E72.4	E00-E89
M43.6	M00-M99
A28.1	A00-B99
E83.2	E00-E89
J62.8	J00-J99
C18.6	C00-D49
D57.3	C00-D49
T79.1	S00-T88
I77.4	I00-I99
B66.3	A00-B99
C69.6	C00-D49
A90	A00-B99
K04.0	K00-K95
I89.1	I00-I99
K41	K00-K95
C20	C00-D49
M35.1	M00-M99
M75.3	M00-M99
F41.0	F01-F99
K50.0	K00-K95
G91.0	G00-G99
M06.1	M00-M99
K62.3	K00-K95
A07.2	A00-B99
E27.9	E00-E89
A06	A00-B99
D17.9	C00-D49
E25	E00-E89
L40.5	L00-L99
E27.5	E00-E89
J01	J00-J99
D21	C00-D49
I77.3	I00-I99
L98.0	L00-L99
E03.1	E00-E89
L68	L00-L99
M48.3	M00-M99
Q60.4	Q00-Q99
Q03.1	Q00-Q99
A36	A00-B99
J38.6	J00-J99
A07.1	A00-B99
M32.0	M00-M99
G57.1	G00-G99
M72.6	M00-M99
M89.4	M00-M99
A02.1	A00-B99
M93.9	M00-M99
G80.1	G00-G99
F63.3	F01-F99
I49.1	I00-I99
O14.1	O00-O9A
E78.6	E00-E89
G90.2	G00-G99
A46	A00-B99
M70.4	M00-M99
H83.9	H60-H95
C83.7	C00-D49
M94.0	M00-M99
J04.0	J00-J99
S12.8	S00-T88
N71	N00-N99
C62	C00-D49
M12.2	M00-M99
F10.2	F01-F99
O01	O00-O9A
H10.5	H00-H59
Q75.0	Q00-Q99
M06.3	M00-M99
C52	C00-D49
E85.4	E00-E89
A87.2	A00-B99
B51	A00-B99
A00	A00-B99
F39	F01-F99
Q91.7	Q00-Q99
D73.2	C00-D49
L12.1	L00-L99
T88.3	S00-T88
B44.7	A00-B99
G83.0	G00-G99
A87	A00-B99
Q28.2	Q00-Q99
M77.9	M00-M99
A42	A00-B99
R48.2	R00-R99
A53.0	A00-B99
D59.6	C00-D49
G03.1	G00-G99
K76.5	K00-K95
C23	C00-D49
N89.7	N00-N99
I07.0	I00-I99
Q61.1	Q00-Q99
Q87.3	Q00-Q99
D80.1	C00-D49
A37	A00-B99
A66	A00-B99
A01.4	A00-B99
H44.4	H00-H59
N91.0	N00-N99
Q79.8	Q00-Q99
J01.1	J00-J99
Q85.1	Q00-Q99
A75.9	A00-B99
Q25.3	Q00-Q99
B08.8	A00-B99
L10	L00-L99
K12.1	K00-K95
F16	F01-F99
G70.9	G00-G99
E34.0	E00-E89
J63.4	J00-J99
Q98.0	Q00-Q99
Q78.9	Q00-Q99
H70.0	H60-H95
I51.3	I00-I99
M89.3	M00-M99
B47	A00-B99
L94.0	L00-L99
C11.3	C00-D49
M85.5	M00-M99
N94.1	N00-N99
J01.2	J00-J99
Q44.2	Q00-Q99
D57.2	C00-D49
B85.0	A00-B99
K76.4	K00-K95
A52	A00-B99
A75.3	A00-B99
L74.4	L00-L99
K82.1	K00-K95
L01.0	L00-L99
C90.2	C00-D49
C18.2	C00-D49
D89.3	C00-D49
A78	A00-B99
G83.5	G00-G99
F84.0	F01-F99
L85.2	L00-L99
B77	A00-B99
B65.2	A00-B99
M21.02	M00-M99
G56.2	G00-G99
E50.7	E00-E89
C83.8	C00-D49
Q74.0	Q00-Q99
M31	M00-M99
J32.2	J00-J99
M70.6	M00-M99
H11.3	H00-H59
L93.0	L00-L99
H00.1	H00-H59
L63	L00-L99
G47.1	G00-G99
K76.3	K00-K95
D68.2	C00-D49
M72.2	M00-M99
F22	F01-F99
M21.16	M00-M99
D76.3	C00-D49
K04.5	K00-K95
E74.4	E00-E89
E87.20	E00-E89
I49.01	I00-I99
E08	E00-E89
E09	E00-E89
I83.90	I00-I99
I25.10	I00-I99
E72.04	E00-E89
N18.6	N00-N99
E26.01	E00-E89
I27.20	I00-I99
I85.01	I00-I99
K74.60	K00-K95
E83.52	E00-E89
C80.1	C00-D49
M08.4	M00-M99
H44.31	H00-H59
B83.0	A00-B99
E79.8	E00-E89
N22	N00-N99
I67.82	I00-I99
I27.81	I00-I99
P37.1	P00-P96
I50.84	I00-I99
B33.22	A00-B99
N13.30	N00-N99
K76.82	K00-K95
D46.2	C00-D49
D61.81	C00-D49
A71.1	A00-B99
L03.90	L00-L99
E83.51	E00-E89
I50.81	I00-I99
E88.01	E00-E89
B69	A00-B99
L70.1	L00-L99
I75	I00-I99
K56.41	K00-K95
I25.41	I00-I99
A69.22	A00-B99
D75.83	C00-D49
I42.3	I00-I99
B40	A00-B99
Q43.1	Q00-Q99
P24.01	P00-P96
G40.909	G00-G99
M04.1	M00-M99
T78.40	S00-T88
D68.59	C00-D49
C91.10	C00-D49
I31.4	I00-I99
G95.19	G00-G99
E67.3	E00-E89
H55.0	H00-H59
F09	F01-F99
I42.4	I00-I99
R82.994	R00-R99
A51.0	A00-B99
A01.0	A00-B99
K59.31	K00-K95
M32.11	M00-M99
A91	A00-B99
B06.9	A00-B99
Q35	Q00-Q99
N25.89	N00-N99
D75.81	C00-D49
N81.1	N00-N99
E66.3	E00-E89
Q31.3	Q00-Q99
J32.1	J00-J99
E40	E00-E89
E42	E00-E89
E72.20	E00-E89
D82.0	C00-D49
E83.11	E00-E89
E81	E00-E89
E82	E00-E89
K83.01	K00-K95
C46	C00-D49
B01.2	A00-B99
A52.06	A00-B99
H53.00	H00-H59
D59.5	C00-D49
I20.8	I00-I99
F80.9	F01-F99
J05.0	J00-J99
Q45.1	Q00-Q99
G52.7	G00-G99
K55.0	K00-K95
E53.1	E00-E89
I27.83	I00-I99
G70.00	G00-G99
H53.6	H00-H59
I45.81	I00-I99
G25.81	G00-G99
C95.90	C00-D49
E25.0	E00-E89
E28.1	E00-E89
H35.52	H00-H59
H52.21	H00-H59
H66.4	H60-H95
A38	A00-B99
D18.1	C00-D49
M72.4	M00-M99
I25.42	I00-I99
E72.2	E00-E89
B86	A00-B99
L92.0	L00-L99
A18.84	A00-B99
D68.1	C00-D49
K56.609	K00-K95
J35.01	J00-J99
J98.51	J00-J99
Q82.4	Q00-Q99
K00.0	K00-K95
E72.11	E00-E89
A81.1	A00-B99
J81.0	J00-J99
E83.42	E00-E89
Q79.4	Q00-Q99
N85.5	N00-N99
D75.82	C00-D49
Q21.12	Q00-Q99
O15	O00-O9A
I67.83	I00-I99
Q25.49	Q00-Q99
E80.1	E00-E89
D75.838	C00-D49
I50.22	I00-I99
I50.30	I00-I99
L73.2	L00-L99
P84	P00-P96
P91.81	P00-P96
E75.21	E00-E89
J43.0	J00-J99
G47.33	G00-G99
P78.84	P00-P96
P70.2	P00-P96
A23	A00-B99
I50.20	I00-I99
I51.89	I00-I99
E51.11	E00-E89
E74.02	E00-E89
F42	F01-F99
G23.0	G00-G99
F95.2	F01-F99
E74.04	E00-E89
G72.41	G00-G99
Q85.00	Q00-Q99
H05.01	H00-H59
H04.11	H00-H59
H35.82	H00-H59
J82.81	J00-J99
E88.02	E00-E89
K05.10	K00-K95
B66.4	A00-B99
I50.3	I00-I99
R41.4	R00-R99
E88.81	E00-E89
N46.0	N00-N99
H16.07	H00-H59
A52.02	A00-B99
H53.46	H00-H59
I50.811	I00-I99
I66	I00-I99
I51.81	I00-I99
M33.0	M00-M99
E03.5	E00-E89
A24.9	A00-B99
D68.61	C00-D49
D72.822	C00-D49
A04.3	A00-B99
M02.3	M00-M99
G47.63	G00-G99
L03.213	L00-L99
E05.4	E00-E89
M89.5	M00-M99
K09.8	K00-K95
E04.2	E00-E89
A31.0	A00-B99
I87.0	I00-I99
K12.2	K00-K95
K82.9	K00-K95
L10.0	L00-L99
G40.1	G00-G99
G56.3	G00-G99
A18.2	A00-B99
I44.60	I00-I99
B76.0	A00-B99
I27.82	I00-I99
N17.2	N00-N99
N32.89	N00-N99
L85.0	L00-L99
H80.2	H60-H95
J82.82	J00-J99
K90.81	K00-K95
M46	M00-M99
J84.117	J00-J99
L83	L00-L99
B44.81	A00-B99
T75.1	S00-T88
A49.02	A00-B99
H66.0	H60-H95
H53.15	H00-H59
K74.69	K00-K95
G93.82	G00-G99
E74.19	E00-E89
B48.8	A00-B99
C91	C00-D49
D71	C00-D49
M61.1	M00-M99
D72.0	C00-D49
D68.62	C00-D49
J98.2	J00-J99
C83.5	C00-D49
H71.9	H60-H95
H70.1	H60-H95
H52.53	H00-H59
E80.0	E00-E89
I49.2	I00-I99
I45.89	I00-I99
E78.41	E00-E89
B67.7	A00-B99
Q23.4	Q00-Q99
E70.21	E00-E89
A54.49	A00-B99
A77.0	A00-B99
G24.01	G00-G99
E26.81	E00-E89
D08	C00-D49
E72.53	E00-E89
E71.41	E00-E89
C38.3	C00-D49
O43.22	O00-O9A
Q89.3	Q00-Q99
C94.0	C00-D49
I88.0	I00-I99
G57.2	G00-G99
B70.0	A00-B99
Q45.3	Q00-Q99
H04.0	H00-H59
Q03	Q00-Q99
C74	C00-D49
D59.4	C00-D49
J84.02	J00-J99
Q31.5	Q00-Q99
N48.1	N00-N99
E31.0	E00-E89
B38	A00-B99
L21	L00-L99
Q20.4	Q00-Q99
A84.1	A00-B99
N30.4	N00-N99
J94.0	J00-J99
D74	C00-D49
A81.0	A00-B99
H47.4	H00-H59
L08.0	L00-L99
O90.3	O00-O9A
M31.8	M00-M99
M93.0	M00-M99
M94.3	M00-M99
E74.21	E00-E89
E76.1	E00-E89
L92.2	L00-L99
L81.0	L00-L99
A18.03	A00-B99
K20.0	K00-K95
N28.83	N00-N99
K00.4	K00-K95
A07.8	A00-B99
A50	A00-B99
O44	O00-O9A
K31.83	K00-K95
J84.81	J00-J99
E78.01	E00-E89
B88.9	A00-B99
D81	C00-D49
G93.7	G00-G99
J81.1	J00-J99
H40.22	H00-H59
C75.1	C00-D49
E72.51	E00-E89
B45.0	A00-B99
A42.1	A00-B99
Q78.6	Q00-Q99
Q42.3	Q00-Q99
N36.1	N00-N99
D86.89	C00-D49
A15.6	A00-B99
B55.1	A00-B99
D64.3	C00-D49
I67.850	I00-I99
I63.81	I00-I99
I50.812	I00-I99
K14.4	K00-K95
Q39.0	Q00-Q99
Q04.2	Q00-Q99
Q02	Q00-Q99
H93.25	H60-H95
C91.00	C00-D49
L50.6	L00-L99
N32.81	N00-N99
A15.0	A00-B99
M30.8	M00-M99
L50.8	L00-L99
N89.5	N00-N99
K76.81	K00-K95
A81.9	A00-B99
N48.6	N00-N99
M31.19	M00-M99
G52.1	G00-G99
C45.2	C00-D49
I77.71	I00-I99
D73.81	C00-D49
B48.1	A00-B99
K11.6	K00-K95
G12.22	G00-G99
L28.2	L00-L99
D67	C00-D49
H35.03	H00-H59
M27.8	M00-M99
G37.0	G00-G99
H52.52	H00-H59
C37	C00-D49
E51.1	E00-E89
G83.81	G00-G99
Q24.6	Q00-Q99
E15	E00-E89
Q79.2	Q00-Q99
J32.0	J00-J99
N25.1	N00-N99
E34.5	E00-E89
Q81.2	Q00-Q99
A55	A00-B99
M53.1	M00-M99
M30	M00-M99
M36	M00-M99
A42.0	A00-B99
J98.11	J00-J99
H16.3	H00-H59
H04.12	H00-H59
T79.4	S00-T88
Q21.2	Q00-Q99
Q80	Q00-Q99
Q81	Q00-Q99
Q82	Q00-Q99
Q83	Q00-Q99
Q84	Q00-Q99
Q85	Q00-Q99
Q86	Q00-Q99
Q87	Q00-Q99
Q89	Q00-Q99
G45.4	G00-G99
M85.0	M00-M99
A18.01	A00-B99
L40.1	L00-L99
Q70	Q00-Q99
C86.5	C00-D49
L51.2	L00-L99
C46.5	C00-D49
H10.4	H00-H59
N15.0	N00-N99
E78.71	E00-E89
N11.8	N00-N99
E27.0	E00-E89
F98.8	F01-F99
K22.3	K00-K95
L50.2	L00-L99
H02.53	H00-H59
H16.21	H00-H59
B75	A00-B99
A81.2	A00-B99
G24.2	G00-G99
D72.110	C00-D49
G43.8	G00-G99
H21.54	H00-H59
L60.5	L00-L99
H34	H00-H59
Q23.2	Q00-Q99
L56.2	L00-L99
Q96	Q00-Q99
O88.1	O00-O9A
B68.1	A00-B99
A92.3	A00-B99
A06.4	A00-B99
K04.6	K00-K95
H34.81	H00-H59
G40.8	G00-G99
R48.1	R00-R99
Q24.0	Q00-Q99
L13.0	L00-L99
C96.A	C00-D49
E71.120	E00-E89
K83.09	K00-K95
I27.22	I00-I99
B67.4	A00-B99
H44.12	H00-H59
E83.110	E00-E89
H35.06	H00-H59
B85.3	A00-B99
Q20.3	Q00-Q99
M12.9	M00-M99
R82.991	R00-R99
J84.112	J00-J99
K02.6	K00-K95
J84.116	J00-J99
M86.2	M00-M99
H53.45	H00-H59
B83.8	A00-B99
J15.0	J00-J99
F95	F01-F99
K85.0	K00-K95
Q78.4	Q00-Q99
J93.12	J00-J99
D86.0	C00-D49
B78.0	A00-B99
I50.83	I00-I99
D72.819	C00-D49
E85.81	E00-E89
A18.85	A00-B99
G40.81	G00-G99
H57.04	H00-H59
H53.14	H00-H59
H47.32	H00-H59
E22.8	E00-E89
M86.3	M00-M99
A18.4	A00-B99
N48.0	N00-N99
N47.1	N00-N99
D81.810	C00-D49
B83.1	A00-B99
H50.5	H00-H59
B66.1	A00-B99
B38.7	A00-B99
A52.11	A00-B99
H52.0	H00-H59
K04.02	K00-K95
E72.12	E00-E89
H93.A	H60-H95
G40.82	G00-G99
Q04.3	Q00-Q99
E70.331	E00-E89
G37.2	G00-G99
H35.02	H00-H59
H33.05	H00-H59
H47.01	H00-H59
E71.312	E00-E89
C64	C00-D49
A22.0	A00-B99
D89.81	C00-D49
A48.0	A00-B99
M46.4	M00-M99
K59.09	K00-K95
Q82.5	Q00-Q99
Q79.1	Q00-Q99
K62.7	K00-K95
I73.1	I00-I99
M71.9	M00-M99
G31.84	G00-G99
G31.01	G00-G99
N50.81	N00-N99
D69.41	C00-D49
Q25.45	Q00-Q99
L41.0	L00-L99
B02.21	A00-B99
E71.311	E00-E89
D59.12	C00-D49
A59	A00-B99
L95.0	L00-L99
A82	A00-B99
H35.71	H00-H59
I47.9	I00-I99
L95.1	L00-L99
M11.0	M00-M99
Q13.8	Q00-Q99
I50.2	I00-I99
D75.0	C00-D49
G31.83	G00-G99
C10.8	C00-D49
E83.81	E00-E89
E27.49	E00-E89
A77.1	A00-B99
H53.41	H00-H59
H70.22	H60-H95
M72.9	M00-M99
Q25.6	Q00-Q99
I27.24	I00-I99
D81.32	C00-D49
D72.12	C00-D49
Q87.0	Q00-Q99
H40.05	H00-H59
D68.51	C00-D49
H47.61	H00-H59
J05.10	J00-J99
U07.1	U00-U85
G91.2	G00-G99
J12.81	J00-J99
H31.02	H00-H59
D89.83	C00-D49
E74.29	E00-E89
H16.12	H00-H59
O00	O00-O9A
B08.3	A00-B99
M35.3	M00-M99
E80.21	E00-E89
H52.31	H00-H59
H80.80	H60-H95
H11.44	H00-H59
K86.81	K00-K95
G90.01	G00-G99
H15.03	H00-H59
B73	A00-B99
K59.39	K00-K95
A30.5	A00-B99
M48.061	M00-M99
R82.992	R00-R99
H05.20	H00-H59
K31.84	K00-K95
R73.03	R00-R99
E80.29	E00-E89
H18.20	H00-H59
H35.30	H00-H59
K12.3	K00-K95
E20.1	E00-E89
J43.1	J00-J99
A98.5	A00-B99
A18.09	A00-B99
Q38.2	Q00-Q99
E71.313	E00-E89
H20.81	H00-H59
A35	A00-B99
H53.01	H00-H59
L10.1	L00-L99
D64.4	C00-D49
K55.3	K00-K95
E83.01	E00-E89
G96.191	G00-G99
B03	A00-B99
C45.1	C00-D49
B81.0	A00-B99
Q84.3	Q00-Q99
K72.91	K00-K95
E30.1	E00-E89
B74	A00-B99
R82.0	R00-R99
N45.2	N00-N99
G93.81	G00-G99
B88.3	A00-B99
K62.89	K00-K95
J84.89	J00-J99
A30	A00-B99
E88.09	E00-E89
B81.3	A00-B99
Q87.81	Q00-Q99
D47.Z2	C00-D49
H57.05	H00-H59
H16.30	H00-H59
Q85.89	Q00-Q99
N45.3	N00-N99
O41.12	O00-O9A
D72.823	C00-D49
H05.11	H00-H59
B60.0	A00-B99
P91.2	P00-P96
I73.89	I00-I99
Q56.3	Q00-Q99
Q75.3	Q00-Q99
D89.811	C00-D49
K11.7	K00-K95
D47.02	C00-D49
O90.5	O00-O9A
E70.3	E00-E89
H44.11	H00-H59
P91.6	P00-P96
H11.82	H00-H59
O43.02	O00-O9A
G71.11	G00-G99
H40.21	H00-H59
P57	P00-P96
I73.81	I00-I99
H47.03	H00-H59
H27.11	H00-H59
C49.A	C00-D49
H44.51	H00-H59
B74.0	A00-B99
H34.23	H00-H59
P59.9	P00-P96
Q87.89	Q00-Q99
A50.5	A00-B99
H44.52	H00-H59
O14.2	O00-O9A
K00.2	K00-K95
H16.42	H00-H59
H18.44	H00-H59
J93.11	J00-J99
J84.114	J00-J99
Q56.4	Q00-Q99
G12.21	G00-G99
L70.2	L00-L99
J09.X	J00-J99
J84.01	J00-J99
H44.13	H00-H59
H49.81	H00-H59
E70.29	E00-E89
R82.998	R00-R99
T79.A0	S00-T88
E31.21	E00-E89
H20.05	H00-H59
H35.32	H00-H59
K06.01	K00-K95
Q93.82	Q00-Q99
Q76.41	Q00-Q99
G40.42	G00-G99
Q10.1	Q00-Q99
H21.25	H00-H59
J98.09	J00-J99
H57.81	H00-H59
H53.13	H00-H59
D68.04	C00-D49
H52.32	H00-H59
H35.81	H00-H59
A92.5	A00-B99
D3A.8	C00-D49
N70.91	N00-N99
D68.311	C00-D49
N44.02	N00-N99
Q92.2	Q00-Q99
Q90	Q00-Q99
H18.52	H00-H59
R91.1	R00-R99
P78.3	P00-P96
H18.42	H00-H59
B43.9	A00-B99
H47.21	H00-H59
P28.5	P00-P96
C88.9	C00-D49
Q14.2	Q00-Q99
E72.23	E00-E89
E27.40	E00-E89
E85.82	E00-E89
H31.21	H00-H59
M65.31	M00-M99
F80.81	F01-F99
B30.0	A00-B99
K02	K00-K95
P59.29	P00-P96
G61.81	G00-G99
B42	A00-B99
P55	P00-P96
C94.2	C00-D49
C95.00	C00-D49
B45.7	A00-B99
G70.80	G00-G99
Q85.0	Q00-Q99
H44.53	H00-H59
R80.3	R00-R99
O43.21	O00-O9A
H55.01	H00-H59
H04.30	H00-H59
A21	A00-B99
E34.52	E00-E89
B72	A00-B99
B76.1	A00-B99
R82.71	R00-R99
H46.1	H00-H59
I49.02	I00-I99
O43.23	O00-O9A
Q51.2	Q00-Q99
H53.03	H00-H59
H01.0	H00-H59
A18.17	A00-B99
H47.11	H00-H59
B26.0	A00-B99
N46.1	N00-N99
H33.10	H00-H59
G04	G00-G99
D61.82	C00-D49
H51.11	H00-H59
A02.21	A00-B99
M53.3	M00-M99
E71.522	E00-E89
Q66.89	Q00-Q99
E76.29	E00-E89
J44.1	J00-J99
Q26.3	Q00-Q99
H21.51	H00-H59
E75.22	E00-E89
H16.32	H00-H59
H20.01	H00-H59
Q00.0	Q00-Q99
K21.00	K00-K95
A07.3	A00-B99
H43.82	H00-H59
G31.85	G00-G99
H53.51	H00-H59
B87	A00-B99
A69.0	A00-B99
B60.8	A00-B99
L90.0	L00-L99
O41.14	O00-O9A
N50.82	N00-N99
D72.810	C00-D49
G51.4	G00-G99
E83.41	E00-E89
A30.1	A00-B99
I49.49	I00-I99
I77.81	I00-I99
L56.5	L00-L99
P29.3	P00-P96
N42.83	N00-N99
N41.9	N00-N99
D47.09	C00-D49
G21.0	G00-G99
H50.43	H00-H59
F45.0	F01-F99
D69.51	C00-D49
R82.993	R00-R99
Q10.2	Q00-Q99
E80.20	E00-E89
G71.8	G00-G99
H05.02	H00-H59
E79.1	E00-E89
D70.0	C00-D49
Q13.81	Q00-Q99
Q80.2	Q00-Q99
R48.3	R00-R99
G31.81	G00-G99
G31.82	G00-G99
N76.2	N00-N99
B74.8	A00-B99
N36.42	N00-N99
H26.41	H00-H59
H02.59	H00-H59
A77.4	A00-B99
L65.0	L00-L99
L25.9	L00-L99
R73.02	R00-R99
H81.2	H60-H95
P78.0	P00-P96
Q89.01	Q00-Q99
B74.3	A00-B99
E75.25	E00-E89
E84.11	E00-E89
P96.1	P00-P96
G93.41	G00-G99
E75.26	E00-E89
Q80.1	Q00-Q99
P91.82	P00-P96
D61.09	C00-D49
M92.8	M00-M99
Q85.01	Q00-Q99
A43	A00-B99
O43.89	O00-O9A
B48.0	A00-B99
H04.41	H00-H59
B33.23	A00-B99
Q41.1	Q00-Q99
B08.2	A00-B99
G71.19	G00-G99
B41	A00-B99
N70.11	N00-N99
B66.0	A00-B99
K76.89	K00-K95
P37.0	P00-P96
Q12.4	Q00-Q99
Q85.83	Q00-Q99
Q78.1	Q00-Q99
N34.2	N00-N99
E75.6	E00-E89
M54.81	M00-M99
H02.52	H00-H59
J31.0	J00-J99
Q88	Q00-Q99
Q04.6	Q00-Q99
F45.22	F01-F99
Q64.10	Q00-Q99
N83.52	N00-N99
A43.0	A00-B99
N28.81	N00-N99
G51.2	G00-G99
Q18.6	Q00-Q99
A93.1	A00-B99
Q87.19	Q00-Q99
H52.51	H00-H59
A22	A00-B99
B08.010	A00-B99
H10.44	H00-H59
L81.3	L00-L99
K52.81	K00-K95
B08.02	A00-B99
G47.41	G00-G99
P39.1	P00-P96
A24.0	A00-B99
E83.32	E00-E89
I95.89	I00-I99
D72.11	C00-D49
E71.110	E00-E89
Q26.2	Q00-Q99
H53.12	H00-H59
Q87.11	Q00-Q99
N45.1	N00-N99
G43.A	G00-G99
E74.01	E00-E89
Q25.47	Q00-Q99
H44.01	H00-H59
G95.81	G00-G99
L94.2	L00-L99
E71.0	E00-E89
H11.23	H00-H59
H05.4	H00-H59
I27.21	I00-I99
M34.1	M00-M99
N94.12	N00-N99
O90.89	O00-O9A
E76.3	E00-E89
H30.2	H00-H59
H18.71	H00-H59
J93.0	J00-J99
Q24.2	Q00-Q99
K52.832	K00-K95
Q13.5	Q00-Q99
J93.82	J00-J99
L90.5	L00-L99
K92.81	K00-K95
F11.2	F01-F99
M32.12	M00-M99
Q93.81	Q00-Q99
H53.62	H00-H59
E72.01	E00-E89
A79.82	A00-B99
Q79.63	Q00-Q99
H16.14	H00-H59
G43.0	G00-G99
E28.0	E00-E89
A98.4	A00-B99
L12.0	L00-L99
K52.3	K00-K95
N70.92	N00-N99
H15.05	H00-H59
M35.6	M00-M99
Q13.4	Q00-Q99
H18.72	H00-H59
H15.83	H00-H59
A92.0	A00-B99
H60.2	H60-H95
D68.52	C00-D49
F84.2	F01-F99
B42.7	A00-B99
C91.1	C00-D49
G96.81	G00-G99
M27.1	M00-M99
K59.04	K00-K95
A81.83	A00-B99
B81.1	A00-B99
R82.81	R00-R99
H47.22	H00-H59
B50.0	A00-B99
K06.1	K00-K95
L98.1	L00-L99
L40.52	L00-L99
E72.3	E00-E89
D81.30	C00-D49
N64.52	N00-N99
B27.0	A00-B99
A77.9	A00-B99
D84.9	C00-D49
E72.52	E00-E89
L75.0	L00-L99
C26.9	C00-D49
Q28.3	Q00-Q99
G95.89	G00-G99
A52.3	A00-B99
H16.33	H00-H59
N60.4	N00-N99
P29.30	P00-P96
E70.31	E00-E89
M35.81	M00-M99
G71.22	G00-G99
E76.219	E00-E89
B08.04	A00-B99
H53.02	H00-H59
I24.1	I00-I99
J84.10	J00-J99
N41.4	N00-N99
G11.3	G00-G99
A49.01	A00-B99
